win,lose,probability
Cleveland Cavaliers,New York Knicks,0.9035197924214853
Golden State Warriors,San Antonio Spurs,0.626790442216175
Portland Trail Blazers,Utah Jazz,0.7156769774805519
Boston Celtics,Brooklyn Nets,0.9086948995370068
Indiana Pacers,Dallas Mavericks,0.6342654144229686
Houston Rockets,Los Angeles Lakers,0.8046650175979252
Memphis Grizzlies,Minnesota Timberwolves,0.669308399275424
Charlotte Hornets,Milwaukee Bucks,0.6931648046364598
New Orleans Pelicans,Denver Nuggets,0.5619401277771559
Miami Heat,Orlando Magic,0.6427098786088399
Oklahoma City Thunder,Philadelphia 76ers,0.9473917293231378
Sacramento Kings,Phoenix Suns,0.5849686038012759
Toronto Raptors,Detroit Pistons,0.7506685501921527
Atlanta Hawks,Washington Wizards,0.6913224285272671
Boston Celtics,Chicago Bulls,0.5958699605648738
Portland Trail Blazers,Los Angeles Clippers,0.5642067828144061
San Antonio Spurs,Sacramento Kings,0.8635631580464225
Indiana Pacers,Brooklyn Nets,0.7873433162464432
Dallas Mavericks,Houston Rockets,0.5296491205916788
Detroit Pistons,Orlando Magic,0.7089400166909606
Miami Heat,Charlotte Hornets,0.5655087116850405
Golden State Warriors,New Orleans Pelicans,0.9175281047314201
Oklahoma City Thunder,Phoenix Suns,0.9400898356017175
Cleveland Cavaliers,Toronto Raptors,0.5628333223623575
Utah Jazz,Los Angeles Lakers,0.8677947112703229
Indiana Pacers,Chicago Bulls,0.5365544012355947
Charlotte Hornets,Boston Celtics,0.5685974015417646
Cleveland Cavaliers,Orlando Magic,0.8804549163768715
Portland Trail Blazers,Denver Nuggets,0.6317760900272074
Milwaukee Bucks,Brooklyn Nets,0.7671623902364922
Memphis Grizzlies,New York Knicks,0.517999897560336
Atlanta Hawks,Philadelphia 76ers,0.8993249649307073
Sacramento Kings,Minnesota Timberwolves,0.633110059569786
San Antonio Spurs,New Orleans Pelicans,0.9398843541628311
Detroit Pistons,Milwaukee Bucks,0.7791403328202214
Houston Rockets,Dallas Mavericks,0.5649265434489572
Los Angeles Clippers,Utah Jazz,0.6984976332649271
Washington Wizards,Memphis Grizzlies,0.5140714225313224
San Antonio Spurs,Miami Heat,0.7082616347237785
Oklahoma City Thunder,Los Angeles Lakers,0.9571758783366809
Golden State Warriors,Phoenix Suns,0.9449608990197783
Atlanta Hawks,Sacramento Kings,0.793903875980035
Chicago Bulls,Brooklyn Nets,0.7357066751611672
Los Angeles Clippers,Phoenix Suns,0.8955288863098099
Toronto Raptors,Denver Nuggets,0.8639350205157965
Cleveland Cavaliers,Houston Rockets,0.813257895325757
Detroit Pistons,New York Knicks,0.7559231388673787
Indiana Pacers,Los Angeles Lakers,0.8986648159737043
Miami Heat,Sacramento Kings,0.7832628143146038
Minnesota Timberwolves,Memphis Grizzlies,0.5358275193602956
New Orleans Pelicans,Milwaukee Bucks,0.5847616874843417
Orlando Magic,Philadelphia 76ers,0.7810120393859928
Golden State Warriors,Portland Trail Blazers,0.7169738128473371
San Antonio Spurs,Utah Jazz,0.8631980432783899
Atlanta Hawks,Los Angeles Lakers,0.913997238319992
Boston Celtics,Chicago Bulls,0.6872780322782311
Detroit Pistons,Brooklyn Nets,0.7478708982421824
Charlotte Hornets,Philadelphia 76ers,0.9467282411738601
Oklahoma City Thunder,Los Angeles Clippers,0.5623177965761225
Memphis Grizzlies,New Orleans Pelicans,0.6783302990885101
Houston Rockets,New York Knicks,0.6322097427394388
Portland Trail Blazers,Phoenix Suns,0.7765272488593578
Utah Jazz,Dallas Mavericks,0.5620983286489314
Toronto Raptors,Washington Wizards,0.6574366435627679
Cleveland Cavaliers,Boston Celtics,0.7434862958049656
Golden State Warriors,Oklahoma City Thunder,0.7215584604523079
Indiana Pacers,Milwaukee Bucks,0.6463959593841954
Minnesota Timberwolves,Denver Nuggets,0.6169007147189797
Orlando Magic,Sacramento Kings,0.6077199630275758
Charlotte Hornets,Brooklyn Nets,0.8206426900838962
Chicago Bulls,New York Knicks,0.6866504764043978
Portland Trail Blazers,Dallas Mavericks,0.5348027944091434
Golden State Warriors,Los Angeles Lakers,0.9634359328060133
Los Angeles Clippers,Memphis Grizzlies,0.695536596070254
New Orleans Pelicans,Phoenix Suns,0.6795581789293201
Toronto Raptors,Miami Heat,0.6604077460840887
San Antonio Spurs,Utah Jazz,0.7866699282469831
Atlanta Hawks,Washington Wizards,0.5509459785462361
Atlanta Hawks,Houston Rockets,0.6691745202999626
Detroit Pistons,Denver Nuggets,0.7626659694537515
Indiana Pacers,Chicago Bulls,0.6555105499176954
Milwaukee Bucks,Sacramento Kings,0.5513869172311442
Oklahoma City Thunder,Minnesota Timberwolves,0.9097926500141971
Washington Wizards,Orlando Magic,0.5261193105667159
Cleveland Cavaliers,Philadelphia 76ers,0.9567066495917738
San Antonio Spurs,Los Angeles Clippers,0.7644520641767607
Boston Celtics,Denver Nuggets,0.8130712408501196
Dallas Mavericks,Milwaukee Bucks,0.7339161554894218
Phoenix Suns,Los Angeles Lakers,0.5275900085747088
Portland Trail Blazers,Memphis Grizzlies,0.6026042729312703
Utah Jazz,New York Knicks,0.6329330655612794
Toronto Raptors,Sacramento Kings,0.8442235452796084
Chicago Bulls,Orlando Magic,0.6328100855627611
Charlotte Hornets,Indiana Pacers,0.6266653989168833
Golden State Warriors,New Orleans Pelicans,0.9502781446848921
Los Angeles Clippers,Detroit Pistons,0.7108709018781226
Oklahoma City Thunder,Miami Heat,0.744059052499596
Utah Jazz,Philadelphia 76ers,0.8581624844082946
Washington Wizards,Houston Rockets,0.5469249446070027
Minnesota Timberwolves,Brooklyn Nets,0.5696507173843797
Cleveland Cavaliers,Atlanta Hawks,0.7462237241755373
Dallas Mavericks,Los Angeles Lakers,0.8003738763121759
Memphis Grizzlies,Denver Nuggets,0.6557428414047213
Portland Trail Blazers,Phoenix Suns,0.903039959640439
Sacramento Kings,New Orleans Pelicans,0.6425921665464144
Atlanta Hawks,Chicago Bulls,0.695153142238706
Charlotte Hornets,Utah Jazz,0.663776702032996
Golden State Warriors,Dallas Mavericks,0.8882632749979267
Indiana Pacers,Philadelphia 76ers,0.9380691719226665
Los Angeles Clippers,Portland Trail Blazers,0.6422385899161223
New York Knicks,Brooklyn Nets,0.7481064436912758
Oklahoma City Thunder,Toronto Raptors,0.6474264237530909
Orlando Magic,Minnesota Timberwolves,0.6585382281325258
Detroit Pistons,Phoenix Suns,0.7172818223229516
San Antonio Spurs,Houston Rockets,0.8635651239913501
Boston Celtics,Washington Wizards,0.5545069519085305
Golden State Warriors,Denver Nuggets,0.8944855920380073
Miami Heat,Chicago Bulls,0.6814591778299863
Milwaukee Bucks,New Orleans Pelicans,0.6145254039864011
Sacramento Kings,Los Angeles Lakers,0.7927138618173125
Boston Celtics,New York Knicks,0.807398815034273
Toronto Raptors,Charlotte Hornets,0.5391355859043441
Oklahoma City Thunder,Los Angeles Clippers,0.6856616555116316
Utah Jazz,Orlando Magic,0.5521940788129508
Indiana Pacers,Philadelphia 76ers,0.8767863948453686
Portland Trail Blazers,Sacramento Kings,0.8278400246426676
San Antonio Spurs,Detroit Pistons,0.8700695066441229
Cleveland Cavaliers,Washington Wizards,0.7521747354677252
Atlanta Hawks,Philadelphia 76ers,0.9477859612862931
Chicago Bulls,Washington Wizards,0.5301436202194565
Detroit Pistons,Denver Nuggets,0.5560928484131971
San Antonio Spurs,Houston Rockets,0.7847338986094223
Indiana Pacers,Boston Celtics,0.5290499292308217
Miami Heat,Utah Jazz,0.6541892274471562
Milwaukee Bucks,Memphis Grizzlies,0.5079462948856204
Los Angeles Clippers,Minnesota Timberwolves,0.7298967108198178
New Orleans Pelicans,Los Angeles Lakers,0.7512889362263603
Phoenix Suns,Brooklyn Nets,0.655403577119639
Toronto Raptors,New York Knicks,0.859539434722681
Cleveland Cavaliers,Charlotte Hornets,0.749181656170215
Golden State Warriors,Phoenix Suns,0.9661468315661788
Minnesota Timberwolves,Los Angeles Lakers,0.7913154112784915
Oklahoma City Thunder,Orlando Magic,0.8779669258905916
Portland Trail Blazers,Denver Nuggets,0.8492544415192202
Oklahoma City Thunder,Detroit Pistons,0.6745910505152763
Houston Rockets,Philadelphia 76ers,0.9189694641919025
Indiana Pacers,Orlando Magic,0.7405650813868621
Los Angeles Clippers,Brooklyn Nets,0.922264000624577
Boston Celtics,New Orleans Pelicans,0.7232513748597263
Dallas Mavericks,New York Knicks,0.6258914589758962
San Antonio Spurs,Miami Heat,0.8122206112181896
Utah Jazz,Memphis Grizzlies,0.6664745286561609
Cleveland Cavaliers,Toronto Raptors,0.6527556535026561
Los Angeles Lakers,Brooklyn Nets,0.5534294621679783
Miami Heat,Atlanta Hawks,0.5616520789705933
Charlotte Hornets,Minnesota Timberwolves,0.668894379829361
Portland Trail Blazers,Chicago Bulls,0.7400250410907409
Atlanta Hawks,Milwaukee Bucks,0.8320605133751415
Boston Celtics,Dallas Mavericks,0.6669967841453011
Denver Nuggets,Phoenix Suns,0.73566672247474
Cleveland Cavaliers,Indiana Pacers,0.6846050212843224
Los Angeles Clippers,Memphis Grizzlies,0.7880053210396546
Detroit Pistons,New York Knicks,0.6190120139505579
Oklahoma City Thunder,Houston Rockets,0.8096737045015483
Orlando Magic,New Orleans Pelicans,0.6677080804439038
Washington Wizards,Philadelphia 76ers,0.8448994611359493
San Antonio Spurs,Sacramento Kings,0.8635631580464225
Golden State Warriors,Toronto Raptors,0.6920882706936634
Portland Trail Blazers,Houston Rockets,0.5060169601775428
Miami Heat,Milwaukee Bucks,0.8229501857395456
Minnesota Timberwolves,Philadelphia 76ers,0.8662500767824005
Utah Jazz,Chicago Bulls,0.5847912961511699
Washington Wizards,New York Knicks,0.721897655712121
Golden State Warriors,Boston Celtics,0.7664143620031012
Charlotte Hornets,Atlanta Hawks,0.5721271066287245
Cleveland Cavaliers,Detroit Pistons,0.8216653386884487
Dallas Mavericks,Memphis Grizzlies,0.6430010353035044
Toronto Raptors,Denver Nuggets,0.7543255883661366
Indiana Pacers,Phoenix Suns,0.8616091821507943
San Antonio Spurs,Los Angeles Lakers,0.9499450762516822
Portland Trail Blazers,New Orleans Pelicans,0.6924648726027859
Oklahoma City Thunder,Brooklyn Nets,0.9559819159597917
Los Angeles Clippers,Sacramento Kings,0.7282197629587012
Boston Celtics,Detroit Pistons,0.5105822610853198
Houston Rockets,Utah Jazz,0.5574924326044034
Los Angeles Clippers,Chicago Bulls,0.7237489878076618
Memphis Grizzlies,Minnesota Timberwolves,0.669308399275424
Golden State Warriors,Milwaukee Bucks,0.9083472447888885
Charlotte Hornets,New Orleans Pelicans,0.7171894809969963
Dallas Mavericks,Orlando Magic,0.5447177426487348
Phoenix Suns,Philadelphia 76ers,0.6205212774498197
Miami Heat,Washington Wizards,0.5479680071274282
Portland Trail Blazers,Brooklyn Nets,0.802471440966948
Utah Jazz,Denver Nuggets,0.5707185638345237
Chicago Bulls,Los Angeles Lakers,0.7851342662711275
Atlanta Hawks,New York Knicks,0.7179783830212949
Oklahoma City Thunder,Indiana Pacers,0.7828829699803975
Toronto Raptors,Sacramento Kings,0.7609286614481325
Charlotte Hornets,Memphis Grizzlies,0.760051162620296
Detroit Pistons,Houston Rockets,0.5902057786470176
Golden State Warriors,Indiana Pacers,0.7912121824330192
Los Angeles Clippers,Toronto Raptors,0.5007801086465369
Milwaukee Bucks,Orlando Magic,0.5218699402474152
Boston Celtics,Minnesota Timberwolves,0.6755231088280134
Miami Heat,Philadelphia 76ers,0.8982305642601162
San Antonio Spurs,Dallas Mavericks,0.866724101932573
Washington Wizards,Phoenix Suns,0.8166017725894772
Atlanta Hawks,New Orleans Pelicans,0.8332334187536433
Chicago Bulls,Denver Nuggets,0.5403626511591091
Oklahoma City Thunder,Los Angeles Lakers,0.9248086183283662
Portland Trail Blazers,New York Knicks,0.6899489883196581
Boston Celtics,Brooklyn Nets,0.8250281114641628
San Antonio Spurs,Charlotte Hornets,0.6993681405867591
Cleveland Cavaliers,Portland Trail Blazers,0.7708553517502394
Los Angeles Clippers,Dallas Mavericks,0.6339595371934361
Miami Heat,Detroit Pistons,0.5039753188452383
Golden State Warriors,Los Angeles Lakers,0.9759913510438277
Toronto Raptors,Houston Rockets,0.6470374291886165
Indiana Pacers,Atlanta Hawks,0.5326372444262069
New Orleans Pelicans,Minnesota Timberwolves,0.5768165884041239
Orlando Magic,Phoenix Suns,0.7500371243483568
Memphis Grizzlies,Philadelphia 76ers,0.790397245653143
Oklahoma City Thunder,Sacramento Kings,0.803998033777457
Utah Jazz,Denver Nuggets,0.735972693314741
San Antonio Spurs,Boston Celtics,0.7026643074886754
Cleveland Cavaliers,Dallas Mavericks,0.8173352906398924
Oklahoma City Thunder,Denver Nuggets,0.7982691563809821
Los Angeles Clippers,Detroit Pistons,0.5752150458959286
Indiana Pacers,Brooklyn Nets,0.8960167494603205
Golden State Warriors,Los Angeles Lakers,0.9634359328060133
Miami Heat,Memphis Grizzlies,0.6315503098968676
Toronto Raptors,Milwaukee Bucks,0.7821151680781953
Charlotte Hornets,New York Knicks,0.714792555526741
Washington Wizards,Orlando Magic,0.5261193105667159
Chicago Bulls,Philadelphia 76ers,0.842524190977688
Minnesota Timberwolves,Phoenix Suns,0.5309990375774487
Portland Trail Blazers,New Orleans Pelicans,0.861820659286695
Houston Rockets,Sacramento Kings,0.5787470576722356
Atlanta Hawks,Utah Jazz,0.5424332685696696
Charlotte Hornets,New York Knicks,0.8098325904650551
Golden State Warriors,Minnesota Timberwolves,0.9483022868517722
Miami Heat,Memphis Grizzlies,0.7521840421768992
Oklahoma City Thunder,Detroit Pistons,0.8182064427560366
San Antonio Spurs,Washington Wizards,0.792377992643911
Sacramento Kings,Brooklyn Nets,0.6223359111470583
Dallas Mavericks,New Orleans Pelicans,0.7355566625994976
Los Angeles Clippers,Indiana Pacers,0.5360609836812389
Atlanta Hawks,Los Angeles Lakers,0.859175342191642
Orlando Magic,Milwaukee Bucks,0.6658378835929775
Cleveland Cavaliers,Philadelphia 76ers,0.9567066495917738
Denver Nuggets,Phoenix Suns,0.5460774772216503
Portland Trail Blazers,Houston Rockets,0.7163098075217049
Golden State Warriors,Atlanta Hawks,0.8393362870358424
Charlotte Hornets,Memphis Grizzlies,0.6307004421545939
Miami Heat,Boston Celtics,0.5581027042300853
Utah Jazz,Minnesota Timberwolves,0.5815728966490468
Oklahoma City Thunder,New York Knicks,0.8369283058985774
Toronto Raptors,Philadelphia 76ers,0.9623176549471941
Washington Wizards,Sacramento Kings,0.6968662949241994
Los Angeles Clippers,Brooklyn Nets,0.8595572722640077
Charlotte Hornets,Detroit Pistons,0.6769157963625687
Cleveland Cavaliers,Milwaukee Bucks,0.8502277357457729
New Orleans Pelicans,Los Angeles Lakers,0.7512889362263603
San Antonio Spurs,Orlando Magic,0.9145614564072395
Utah Jazz,Houston Rockets,0.5554225794111126
Boston Celtics,Detroit Pistons,0.6734668356823009
Chicago Bulls,Los Angeles Lakers,0.8426209475616008
San Antonio Spurs,Dallas Mavericks,0.8035825044320399
Miami Heat,Denver Nuggets,0.6597968688521718
Minnesota Timberwolves,New York Knicks,0.6081443744544504
Oklahoma City Thunder,Washington Wizards,0.8248771201786026
Atlanta Hawks,Phoenix Suns,0.7990098154177688
Portland Trail Blazers,Indiana Pacers,0.6815459132684467
Toronto Raptors,Memphis Grizzlies,0.8198759393418198
Milwaukee Bucks,Brooklyn Nets,0.5616332345092878
Charlotte Hornets,Dallas Mavericks,0.6704806463668886
Cleveland Cavaliers,Los Angeles Clippers,0.6906890617612307
Golden State Warriors,Houston Rockets,0.8855474133766902
Memphis Grizzlies,Orlando Magic,0.5907990837967358
Miami Heat,Utah Jazz,0.53944603502206
Atlanta Hawks,Detroit Pistons,0.6815285817992268
Boston Celtics,Sacramento Kings,0.7878010801993813
Cleveland Cavaliers,Chicago Bulls,0.7823872621691375
Houston Rockets,Denver Nuggets,0.5699559422149725
Los Angeles Clippers,New Orleans Pelicans,0.7723226289051196
New York Knicks,Minnesota Timberwolves,0.5796912394588075
Orlando Magic,Philadelphia 76ers,0.7810120393859928
San Antonio Spurs,Washington Wizards,0.875127574486673
Toronto Raptors,Los Angeles Lakers,0.9373106835731965
Charlotte Hornets,Minnesota Timberwolves,0.8244071813715265
Dallas Mavericks,Chicago Bulls,0.5593697213180572
Golden State Warriors,Phoenix Suns,0.9661468315661788
Memphis Grizzlies,Los Angeles Lakers,0.8176995070126241
Milwaukee Bucks,Brooklyn Nets,0.7671623902364922
Boston Celtics,Philadelphia 76ers,0.9006216284771821
Portland Trail Blazers,Miami Heat,0.6330937767872197
Toronto Raptors,Atlanta Hawks,0.6577046875848521
Utah Jazz,Denver Nuggets,0.735972693314741
Detroit Pistons,Orlando Magic,0.7089400166909606
Los Angeles Clippers,Indiana Pacers,0.6632745981788469
New York Knicks,Sacramento Kings,0.5255919694114813
Oklahoma City Thunder,New Orleans Pelicans,0.9131054596733257
Oklahoma City Thunder,Atlanta Hawks,0.5961349232002529
Washington Wizards,Brooklyn Nets,0.73919437401383
Portland Trail Blazers,Chicago Bulls,0.5595427903884069
Charlotte Hornets,Dallas Mavericks,0.5642260705670228
Golden State Warriors,Indiana Pacers,0.8676915860066844
Boston Celtics,Houston Rockets,0.5431543754507141
Utah Jazz,Los Angeles Lakers,0.8051537070747626
San Antonio Spurs,Milwaukee Bucks,0.8771229575570335
Memphis Grizzlies,New Orleans Pelicans,0.5209422621412368
Denver Nuggets,Philadelphia 76ers,0.7299686979744748
Cleveland Cavaliers,Toronto Raptors,0.5628333223623575
Detroit Pistons,Chicago Bulls,0.618853518422101
Memphis Grizzlies,Philadelphia 76ers,0.8845424615303276
Miami Heat,New York Knicks,0.8031749660999233
San Antonio Spurs,Minnesota Timberwolves,0.8645603235357202
Utah Jazz,Phoenix Suns,0.8216904833969165
Washington Wizards,Orlando Magic,0.6712136205523257
Atlanta Hawks,Miami Heat,0.5802345168925508
Denver Nuggets,Brooklyn Nets,0.5844589595284516
Charlotte Hornets,Detroit Pistons,0.6769157963625687
Dallas Mavericks,Sacramento Kings,0.6819833671508383
Houston Rockets,Los Angeles Lakers,0.869108321567674
Golden State Warriors,Los Angeles Clippers,0.7335020588114599
Portland Trail Blazers,Milwaukee Bucks,0.6673141455601732
Cleveland Cavaliers,New York Knicks,0.8629731764455464
Boston Celtics,Orlando Magic,0.6487568015459331
Indiana Pacers,Phoenix Suns,0.7600063805441912
San Antonio Spurs,Chicago Bulls,0.8188695698799193
Portland Trail Blazers,Memphis Grizzlies,0.6026042729312703
New Orleans Pelicans,Philadelphia 76ers,0.8376475221420795
Toronto Raptors,Minnesota Timberwolves,0.8709117019020138
Golden State Warriors,Utah Jazz,0.8365972650020357
Washington Wizards,Denver Nuggets,0.7292437865227122
Toronto Raptors,Boston Celtics,0.5430406830262862
Charlotte Hornets,Orlando Magic,0.7700702265347181
Cleveland Cavaliers,Miami Heat,0.7484950649407192
Indiana Pacers,Dallas Mavericks,0.5116501164918145
Phoenix Suns,Los Angeles Lakers,0.5275900085747088
Atlanta Hawks,Milwaukee Bucks,0.6964896378420878
Detroit Pistons,Minnesota Timberwolves,0.567036442595347
Oklahoma City Thunder,Houston Rockets,0.8096737045015483
Sacramento Kings,New York Knicks,0.6101655967641324
Miami Heat,Chicago Bulls,0.5894886756555933
Cleveland Cavaliers,Charlotte Hornets,0.749181656170215
Houston Rockets,Dallas Mavericks,0.5649265434489572
Indiana Pacers,Portland Trail Blazers,0.565941101476197
Los Angeles Clippers,New Orleans Pelicans,0.8516410914828916
Golden State Warriors,Memphis Grizzlies,0.8822472838276894
Orlando Magic,Denver Nuggets,0.6447653496594736
San Antonio Spurs,Brooklyn Nets,0.9699816696972694
Utah Jazz,Sacramento Kings,0.7040733277426814
Washington Wizards,Milwaukee Bucks,0.7472693368726189
Detroit Pistons,Philadelphia 76ers,0.9281851206155836
New York Knicks,Los Angeles Lakers,0.6570261730185482
Golden State Warriors,Minnesota Timberwolves,0.8986078850523397
Oklahoma City Thunder,Boston Celtics,0.7389927457193509
New Orleans Pelicans,Phoenix Suns,0.5207643047083756
Dallas Mavericks,Denver Nuggets,0.7153010614163064
Houston Rockets,Brooklyn Nets,0.8658032281574827
Indiana Pacers,Charlotte Hornets,0.5365385056008671
Los Angeles Clippers,Portland Trail Blazers,0.6422385899161223
Miami Heat,Washington Wizards,0.6775362083224032
Sacramento Kings,Los Angeles Lakers,0.7927138618173125
Toronto Raptors,Milwaukee Bucks,0.8745362717489711
Atlanta Hawks,Orlando Magic,0.7737974545636132
Chicago Bulls,Minnesota Timberwolves,0.7072530944740656
Cleveland Cavaliers,Memphis Grizzlies,0.8744616772015381
Golden State Warriors,New Orleans Pelicans,0.9175281047314201
New York Knicks,Phoenix Suns,0.5552063558179852
Oklahoma City Thunder,Portland Trail Blazers,0.5418046978663126
Brooklyn Nets,Los Angeles Lakers,0.6260606380310729
Dallas Mavericks,Detroit Pistons,0.543660353674987
Houston Rockets,Sacramento Kings,0.7064634361900188
Cleveland Cavaliers,Memphis Grizzlies,0.8110204133535844
Miami Heat,Indiana Pacers,0.6166308802242462
Los Angeles Clippers,Orlando Magic,0.7056613782070464
Toronto Raptors,Philadelphia 76ers,0.933214232729873
San Antonio Spurs,Boston Celtics,0.8081556680337756
Oklahoma City Thunder,Utah Jazz,0.7050026240430819
Charlotte Hornets,Washington Wizards,0.5470636144896388
Portland Trail Blazers,Denver Nuggets,0.6317760900272074
Golden State Warriors,New York Knicks,0.9433040434492893
Chicago Bulls,Milwaukee Bucks,0.5788419029694833
Indiana Pacers,New Orleans Pelicans,0.6723516230408353
San Antonio Spurs,Phoenix Suns,0.9251827614357768
Boston Celtics,Charlotte Hornets,0.5721157205459478
Chicago Bulls,Milwaukee Bucks,0.713963676693689
Houston Rockets,New Orleans Pelicans,0.7573799176765194
Memphis Grizzlies,Sacramento Kings,0.6191660645273249
Los Angeles Clippers,Miami Heat,0.5068395824179277
Orlando Magic,Brooklyn Nets,0.8059364922760783
Los Angeles Lakers,Philadelphia 76ers,0.5344465980255604
Toronto Raptors,Atlanta Hawks,0.6577046875848521
Utah Jazz,Dallas Mavericks,0.5620983286489314
Washington Wizards,Detroit Pistons,0.5608482469237133
Atlanta Hawks,Charlotte Hornets,0.5811233898324626
Cleveland Cavaliers,Los Angeles Lakers,0.9581259910436851
Denver Nuggets,New York Knicks,0.6186846581317698
Detroit Pistons,Indiana Pacers,0.5497031651372442
Golden State Warriors,Portland Trail Blazers,0.8566662915403662
Houston Rockets,Minnesota Timberwolves,0.5808153948897635
Oklahoma City Thunder,Phoenix Suns,0.9400898356017175
Dallas Mavericks,Sacramento Kings,0.6819833671508383
Utah Jazz,Memphis Grizzlies,0.5402297921062205
Miami Heat,Boston Celtics,0.5581027042300853
Toronto Raptors,Orlando Magic,0.7401163046389219
Brooklyn Nets,Philadelphia 76ers,0.5415917139113532
San Antonio Spurs,New Orleans Pelicans,0.9398843541628311
Los Angeles Clippers,Washington Wizards,0.6176825218836837
Chicago Bulls,Detroit Pistons,0.5187954602375945
Dallas Mavericks,Denver Nuggets,0.5633069179634549
Indiana Pacers,Washington Wizards,0.6514314721129257
Minnesota Timberwolves,Phoenix Suns,0.7269328377547978
Oklahoma City Thunder,Atlanta Hawks,0.741761471785121
Charlotte Hornets,Los Angeles Lakers,0.9123183687415893
Golden State Warriors,Utah Jazz,0.8852316161968001
San Antonio Spurs,Houston Rockets,0.7847338986094223
Los Angeles Clippers,Denver Nuggets,0.8383227990838698
Boston Celtics,Memphis Grizzlies,0.6376796291166238
Miami Heat,Orlando Magic,0.7624289202704226
Cleveland Cavaliers,Milwaukee Bucks,0.8502277357457729
Indiana Pacers,New York Knicks,0.6697496698462011
New Orleans Pelicans,Philadelphia 76ers,0.7094541440099816
Portland Trail Blazers,Sacramento Kings,0.6401014502375547
Toronto Raptors,Brooklyn Nets,0.9356001314625111
Atlanta Hawks,Minnesota Timberwolves,0.8274509558228069
Chicago Bulls,Washington Wizards,0.5301436202194565
Cleveland Cavaliers,Milwaukee Bucks,0.9142891357283335
Detroit Pistons,Memphis Grizzlies,0.6973042785746021
Oklahoma City Thunder,New Orleans Pelicans,0.8385306555467844
Houston Rockets,Phoenix Suns,0.7285680970405782
Portland Trail Blazers,Dallas Mavericks,0.7217798334480323
Utah Jazz,Sacramento Kings,0.7040733277426814
Golden State Warriors,Brooklyn Nets,0.9525456815712896
Indiana Pacers,Boston Celtics,0.5290499292308217
San Antonio Spurs,Los Angeles Clippers,0.6646993348679174
Miami Heat,Los Angeles Lakers,0.9088448359867263
Orlando Magic,New York Knicks,0.5040706502355465
Oklahoma City Thunder,Boston Celtics,0.6049860674721885
Charlotte Hornets,Chicago Bulls,0.6906481224646899
Cleveland Cavaliers,Brooklyn Nets,0.9569573271826262
Atlanta Hawks,Denver Nuggets,0.6624918839537088
Golden State Warriors,Detroit Pistons,0.8162153840369419
Los Angeles Clippers,Dallas Mavericks,0.704817145151155
Houston Rockets,Memphis Grizzlies,0.5394567144020275
Washington Wizards,Milwaukee Bucks,0.5832269765945686
Minnesota Timberwolves,Sacramento Kings,0.5788475444081992
Miami Heat,New Orleans Pelicans,0.717929327897729
Orlando Magic,Los Angeles Lakers,0.8103931305860842
Phoenix Suns,Philadelphia 76ers,0.7697594767091476
San Antonio Spurs,Portland Trail Blazers,0.6459635436324571
Toronto Raptors,Utah Jazz,0.6496589777403584
Golden State Warriors,Cleveland Cavaliers,0.5949363369059072
Los Angeles Clippers,Los Angeles Lakers,0.889307516664271
Boston Celtics,New York Knicks,0.7208858315014607
Oklahoma City Thunder,Minnesota Timberwolves,0.9097926500141971
San Antonio Spurs,Chicago Bulls,0.877082819932293
Charlotte Hornets,Brooklyn Nets,0.8206426900838962
Indiana Pacers,Chicago Bulls,0.5365544012355947
Cleveland Cavaliers,Detroit Pistons,0.7178217676772989
Houston Rockets,Phoenix Suns,0.8233689504281713
Los Angeles Clippers,Denver Nuggets,0.8383227990838698
Atlanta Hawks,Minnesota Timberwolves,0.6723578949776876
Dallas Mavericks,New Orleans Pelicans,0.6286473655145481
Orlando Magic,Memphis Grizzlies,0.5654350682231302
Portland Trail Blazers,Toronto Raptors,0.5215078281287806
Sacramento Kings,Philadelphia 76ers,0.8672306238088525
Washington Wizards,Milwaukee Bucks,0.7472693368726189
Boston Celtics,Memphis Grizzlies,0.7571713176549734
Dallas Mavericks,Houston Rockets,0.5296491205916788
Utah Jazz,Los Angeles Lakers,0.8051537070747626
Oklahoma City Thunder,Miami Heat,0.6114052766973306
Atlanta Hawks,New York Knicks,0.8130717206401102
Chicago Bulls,Brooklyn Nets,0.8387711057204579
Denver Nuggets,Minnesota Timberwolves,0.641422377544724
Detroit Pistons,Milwaukee Bucks,0.7791403328202214
Golden State Warriors,Toronto Raptors,0.7695726607776088
Los Angeles Clippers,New Orleans Pelicans,0.7723226289051196
Charlotte Hornets,Orlando Magic,0.6418711549720327
Portland Trail Blazers,Sacramento Kings,0.8278400246426676
San Antonio Spurs,Phoenix Suns,0.958926834713105
Washington Wizards,Indiana Pacers,0.5057270242356011
Charlotte Hornets,Miami Heat,0.5750693413962206
Cleveland Cavaliers,Boston Celtics,0.7434862958049656
Dallas Mavericks,Los Angeles Lakers,0.8003738763121759
Oklahoma City Thunder,Memphis Grizzlies,0.7776451487080593
Toronto Raptors,Phoenix Suns,0.8614654702123894
Utah Jazz,Philadelphia 76ers,0.9181091035937704
Atlanta Hawks,Detroit Pistons,0.6815285817992268
Boston Celtics,Miami Heat,0.5712218365818099
Denver Nuggets,Philadelphia 76ers,0.8713167919673614
Golden State Warriors,Dallas Mavericks,0.8882632749979267
Los Angeles Clippers,Houston Rockets,0.6067982669262304
Indiana Pacers,Chicago Bulls,0.6555105499176954
Minnesota Timberwolves,Milwaukee Bucks,0.6386999450431755
New Orleans Pelicans,New York Knicks,0.5528381438060512
San Antonio Spurs,Portland Trail Blazers,0.8302005794458256
Washington Wizards,Brooklyn Nets,0.8603861425656936
Chicago Bulls,Milwaukee Bucks,0.713963676693689
Cleveland Cavaliers,Charlotte Hornets,0.6491297595661086
Houston Rockets,New York Knicks,0.7310082115807612
Oklahoma City Thunder,Los Angeles Clippers,0.6856616555116316
Sacramento Kings,Memphis Grizzlies,0.5379383440771498
Utah Jazz,Phoenix Suns,0.8216904833969165
San Antonio Spurs,Atlanta Hawks,0.6948980713238171
Indiana Pacers,Orlando Magic,0.7405650813868621
Toronto Raptors,Los Angeles Lakers,0.9051544386301662
Miami Heat,Detroit Pistons,0.667515317132886
Portland Trail Blazers,Minnesota Timberwolves,0.6420548562137112
Utah Jazz,Brooklyn Nets,0.7589172889803268
Charlotte Hornets,Chicago Bulls,0.5886049873778405
Cleveland Cavaliers,New Orleans Pelicans,0.9149464529769615
Golden State Warriors,Denver Nuggets,0.9452452773784272
Houston Rockets,Washington Wizards,0.5832084809116723
Los Angeles Clippers,Phoenix Suns,0.8955288863098099
Oklahoma City Thunder,Milwaukee Bucks,0.8222592770349706
Orlando Magic,New York Knicks,0.5040706502355465
Boston Celtics,Utah Jazz,0.6602578767880553
Dallas Mavericks,Washington Wizards,0.5549251886576267
Denver Nuggets,Sacramento Kings,0.5896441237055094
Detroit Pistons,Indiana Pacers,0.5497031651372442
Memphis Grizzlies,Los Angeles Lakers,0.7203165721894929
Minnesota Timberwolves,Philadelphia 76ers,0.7178425121014549
Miami Heat,Phoenix Suns,0.7970709905367894
San Antonio Spurs,Toronto Raptors,0.7320554784247769
Oklahoma City Thunder,Charlotte Hornets,0.601221602202247
Cleveland Cavaliers,Chicago Bulls,0.830783243149964
Golden State Warriors,Portland Trail Blazers,0.8566662915403662
Los Angeles Clippers,Memphis Grizzlies,0.7880053210396546
New York Knicks,Milwaukee Bucks,0.5876209527756403
Atlanta Hawks,Orlando Magic,0.6454675196653334
Miami Heat,Sacramento Kings,0.6678217966330291
Dallas Mavericks,Phoenix Suns,0.8059606043092647
San Antonio Spurs,Denver Nuggets,0.8592705490051489
Charlotte Hornets,Detroit Pistons,0.5030627293953469
Oklahoma City Thunder,Houston Rockets,0.7026056281733186
Indiana Pacers,Brooklyn Nets,0.8960167494603205
Atlanta Hawks,New Orleans Pelicans,0.720359008909909
Portland Trail Blazers,Los Angeles Lakers,0.929904560770007
Toronto Raptors,Utah Jazz,0.7393740000518879
Boston Celtics,Philadelphia 76ers,0.9459294889052846
Cleveland Cavaliers,Brooklyn Nets,0.9199846999851922
Golden State Warriors,Memphis Grizzlies,0.9252367380157267
Miami Heat,Los Angeles Lakers,0.8577135430442111
Milwaukee Bucks,New York Knicks,0.5812119601970501
Houston Rockets,Orlando Magic,0.5514244141615323
Los Angeles Clippers,Sacramento Kings,0.7282197629587012
Washington Wizards,Minnesota Timberwolves,0.7410567345633176
Boston Celtics,New Orleans Pelicans,0.8280429767258705
Toronto Raptors,Chicago Bulls,0.694507943948674
Atlanta Hawks,Dallas Mavericks,0.5680774724828539
Indiana Pacers,New York Knicks,0.7839986462919822
Utah Jazz,Minnesota Timberwolves,0.5815728966490468
Oklahoma City Thunder,Denver Nuggets,0.9046873487167563
San Antonio Spurs,Charlotte Hornets,0.8127767507904428
Brooklyn Nets,Philadelphia 76ers,0.7409059820795854
Los Angeles Clippers,Miami Heat,0.6136185217589408
Orlando Magic,Los Angeles Lakers,0.7089489197491823
Utah Jazz,Memphis Grizzlies,0.5402297921062205
Washington Wizards,Milwaukee Bucks,0.5832269765945686
Cleveland Cavaliers,Phoenix Suns,0.9076998779094174
Portland Trail Blazers,Detroit Pistons,0.7276201504757642
Golden State Warriors,Sacramento Kings,0.8978317695164709
Toronto Raptors,Houston Rockets,0.739973249884646
Oklahoma City Thunder,Chicago Bulls,0.7455417467467774
Dallas Mavericks,Minnesota Timberwolves,0.5742088395170727
New York Knicks,New Orleans Pelicans,0.5896591259994288
Atlanta Hawks,Brooklyn Nets,0.8229390331655279
Golden State Warriors,Miami Heat,0.8409518774895962
Charlotte Hornets,Houston Rockets,0.5356801877717918
Portland Trail Blazers,Los Angeles Lakers,0.8420927809011294
Detroit Pistons,Sacramento Kings,0.564951042525212
San Antonio Spurs,Milwaukee Bucks,0.9394070004013961
Toronto Raptors,Boston Celtics,0.6544545688142925
Cleveland Cavaliers,Utah Jazz,0.7457160815050503
Washington Wizards,Chicago Bulls,0.5764269185155583
Boston Celtics,Washington Wizards,0.6833934303977123
Los Angeles Clippers,Orlando Magic,0.7971686512405353
Houston Rockets,Minnesota Timberwolves,0.5808153948897635
Oklahoma City Thunder,Memphis Grizzlies,0.8718671068277846
New York Knicks,Philadelphia 76ers,0.7371792494677449
Cleveland Cavaliers,Portland Trail Blazers,0.5920070207408528
New Orleans Pelicans,Brooklyn Nets,0.5595598340361587
Indiana Pacers,Denver Nuggets,0.6099295475391526
Golden State Warriors,Detroit Pistons,0.891135926810452
Chicago Bulls,New York Knicks,0.6039233832422639
Dallas Mavericks,Phoenix Suns,0.7231803476279323
San Antonio Spurs,Los Angeles Lakers,0.9708074935317647
Atlanta Hawks,Boston Celtics,0.5737829398039852
Houston Rockets,Memphis Grizzlies,0.6690255584026995
Miami Heat,Milwaukee Bucks,0.6939406802937229
Oklahoma City Thunder,Minnesota Timberwolves,0.8053324025861881
Charlotte Hornets,Philadelphia 76ers,0.8978963741458961
Portland Trail Blazers,Orlando Magic,0.8102530742270466
Cleveland Cavaliers,Sacramento Kings,0.8342607975400015
Toronto Raptors,Brooklyn Nets,0.9356001314625111
Utah Jazz,Detroit Pistons,0.569290392857936
Chicago Bulls,New Orleans Pelicans,0.7156795422901917
Los Angeles Clippers,Los Angeles Lakers,0.9243001186853455
San Antonio Spurs,Phoenix Suns,0.9251827614357768
Utah Jazz,Orlando Magic,0.6787493908198874
Washington Wizards,Philadelphia 76ers,0.9154890407730796
Atlanta Hawks,Milwaukee Bucks,0.8320605133751415
Houston Rockets,Brooklyn Nets,0.7583474396920489
Dallas Mavericks,Minnesota Timberwolves,0.7274950074518699
Detroit Pistons,Los Angeles Lakers,0.7956554290282285
Chicago Bulls,Memphis Grizzlies,0.5095705769751033
Oklahoma City Thunder,Sacramento Kings,0.803998033777457
Toronto Raptors,New York Knicks,0.859539434722681
Boston Celtics,Charlotte Hornets,0.5721157205459478
Denver Nuggets,Orlando Magic,0.5606385618246317
Golden State Warriors,Cleveland Cavaliers,0.6786439312435257
Indiana Pacers,New Orleans Pelicans,0.8065500305018454
Oklahoma City Thunder,Los Angeles Clippers,0.5623177965761225
Milwaukee Bucks,Philadelphia 76ers,0.8527624277646476
Atlanta Hawks,New York Knicks,0.7179783830212949
Utah Jazz,Phoenix Suns,0.7291830921243754
Portland Trail Blazers,Washington Wizards,0.5174725465143286
Toronto Raptors,Brooklyn Nets,0.8790841960679792
Chicago Bulls,Dallas Mavericks,0.51148376182552
Denver Nuggets,Los Angeles Lakers,0.6486646421143867
Miami Heat,Houston Rockets,0.654892920034394
San Antonio Spurs,Minnesota Timberwolves,0.9375226209219681
Boston Celtics,New York Knicks,0.807398815034273
Charlotte Hornets,Portland Trail Blazers,0.6047053594622067
Atlanta Hawks,Detroit Pistons,0.5069823537162246
Golden State Warriors,Oklahoma City Thunder,0.7215584604523079
Houston Rockets,Milwaukee Bucks,0.7558298529745463
Orlando Magic,New Orleans Pelicans,0.5070171214210297
Toronto Raptors,Philadelphia 76ers,0.933214232729873
Indiana Pacers,Sacramento Kings,0.6184505416463232
Washington Wizards,Memphis Grizzlies,0.658795565159035
Cleveland Cavaliers,Phoenix Suns,0.9413958164739086
Los Angeles Clippers,Minnesota Timberwolves,0.8463792205439612
Miami Heat,Dallas Mavericks,0.6609867019892918
Washington Wizards,New York Knicks,0.6082240612851498
San Antonio Spurs,Denver Nuggets,0.9338726333366264
Atlanta Hawks,Chicago Bulls,0.695153142238706
Toronto Raptors,Charlotte Hornets,0.5391355859043441
Dallas Mavericks,Utah Jazz,0.5288737671747518
Golden State Warriors,Houston Rockets,0.8350193145905738
Indiana Pacers,Los Angeles Lakers,0.8293538521950092
Memphis Grizzlies,Sacramento Kings,0.6191660645273249
New Orleans Pelicans,Brooklyn Nets,0.745878705157779
Orlando Magic,Milwaukee Bucks,0.6658378835929775
Portland Trail Blazers,Philadelphia 76ers,0.886469145832395
Atlanta Hawks,Philadelphia 76ers,0.9477859612862931
Boston Celtics,Portland Trail Blazers,0.6009399836258987
Chicago Bulls,Sacramento Kings,0.6599410517043551
Charlotte Hornets,Brooklyn Nets,0.9099913579911418
San Antonio Spurs,Cleveland Cavaliers,0.5140596532251342
Los Angeles Clippers,Denver Nuggets,0.7210444693998922
Detroit Pistons,Washington Wizards,0.6145955868381392
Houston Rockets,Memphis Grizzlies,0.5394567144020275
Miami Heat,Milwaukee Bucks,0.8229501857395456
New York Knicks,Phoenix Suns,0.6821195319433268
Utah Jazz,Indiana Pacers,0.514311172387291
Dallas Mavericks,Los Angeles Lakers,0.8554163424140764
Minnesota Timberwolves,Denver Nuggets,0.6169007147189797
Golden State Warriors,Orlando Magic,0.8871703103213522
Toronto Raptors,Phoenix Suns,0.9130190326199542
Atlanta Hawks,Los Angeles Clippers,0.509118208179165
San Antonio Spurs,Brooklyn Nets,0.9353065164130581
Charlotte Hornets,Washington Wizards,0.6867863052934713
Detroit Pistons,Sacramento Kings,0.7328208619952109
Indiana Pacers,New York Knicks,0.7839986462919822
Golden State Warriors,Miami Heat,0.7712023651167766
Houston Rockets,Milwaukee Bucks,0.607756100962059
Cleveland Cavaliers,New Orleans Pelicans,0.8643610840579998
Oklahoma City Thunder,Utah Jazz,0.7050026240430819
Utah Jazz,Denver Nuggets,0.5707185638345237
Chicago Bulls,Orlando Magic,0.5216262140628487
Los Angeles Clippers,Philadelphia 76ers,0.9216497615093295
Minnesota Timberwolves,Phoenix Suns,0.5309990375774487
San Antonio Spurs,Toronto Raptors,0.6181595264250763
Boston Celtics,Washington Wizards,0.5545069519085305
Boston Celtics,Houston Rockets,0.6609556203841143
Miami Heat,Brooklyn Nets,0.8211793778816265
Atlanta Hawks,Chicago Bulls,0.5923965793461723
Golden State Warriors,Charlotte Hornets,0.763587132642063
Cleveland Cavaliers,Sacramento Kings,0.8923992043465165
Dallas Mavericks,New York Knicks,0.7077282529034659
Toronto Raptors,Memphis Grizzlies,0.7307244551318695
Milwaukee Bucks,Philadelphia 76ers,0.8527624277646476
Oklahoma City Thunder,New Orleans Pelicans,0.8385306555467844
Portland Trail Blazers,Los Angeles Lakers,0.929904560770007
Denver Nuggets,Phoenix Suns,0.73566672247474
Indiana Pacers,Minnesota Timberwolves,0.6204517815669555
Oklahoma City Thunder,Dallas Mavericks,0.8138114417142572
Utah Jazz,Los Angeles Lakers,0.8677947112703229
Atlanta Hawks,Washington Wizards,0.6913224285272671
Boston Celtics,Orlando Magic,0.7672738098160539
Miami Heat,Chicago Bulls,0.5894886756555933
Cleveland Cavaliers,Brooklyn Nets,0.9569573271826262
Indiana Pacers,Sacramento Kings,0.7627196204554547
San Antonio Spurs,New Orleans Pelicans,0.8890495165573763
Charlotte Hornets,New York Knicks,0.714792555526741
Houston Rockets,Philadelphia 76ers,0.8577832616421232
Portland Trail Blazers,Memphis Grizzlies,0.8015336935359506
Toronto Raptors,Milwaukee Bucks,0.8745362717489711
Charlotte Hornets,Sacramento Kings,0.7904182168972027
Golden State Warriors,Los Angeles Clippers,0.7986805849938075
Miami Heat,Detroit Pistons,0.667515317132886
Boston Celtics,Milwaukee Bucks,0.6995259083884456
Minnesota Timberwolves,Brooklyn Nets,0.786528478480457
Denver Nuggets,Phoenix Suns,0.5460774772216503
Utah Jazz,Memphis Grizzlies,0.6664745286561609
Atlanta Hawks,New York Knicks,0.8130717206401102
Chicago Bulls,Philadelphia 76ers,0.901427662079931
Cleveland Cavaliers,Oklahoma City Thunder,0.5932650817301135
Indiana Pacers,Houston Rockets,0.6279616635177532
Washington Wizards,New Orleans Pelicans,0.6110292333827909
Golden State Warriors,Portland Trail Blazers,0.7169738128473371
San Antonio Spurs,Dallas Mavericks,0.866724101932573
Toronto Raptors,Orlando Magic,0.8279624381788827
Boston Celtics,Detroit Pistons,0.6734668356823009
Cleveland Cavaliers,Dallas Mavericks,0.7649051409787054
Miami Heat,Brooklyn Nets,0.906435094307859
Minnesota Timberwolves,Orlando Magic,0.5496616865402335
Sacramento Kings,Philadelphia 76ers,0.7600280752998594
Memphis Grizzlies,Phoenix Suns,0.6266079525615211
Houston Rockets,Sacramento Kings,0.7064634361900188
Denver Nuggets,Los Angeles Lakers,0.6486646421143867
Portland Trail Blazers,Charlotte Hornets,0.6339413334693415
San Antonio Spurs,Oklahoma City Thunder,0.6794797192627653
Toronto Raptors,New Orleans Pelicans,0.8754569257568362
Washington Wizards,New York Knicks,0.721897655712121
Toronto Raptors,Boston Celtics,0.5430406830262862
New York Knicks,Brooklyn Nets,0.5933906965178749
Cleveland Cavaliers,Minnesota Timberwolves,0.91169704273024
Dallas Mavericks,Philadelphia 76ers,0.9099528343254748
Denver Nuggets,Memphis Grizzlies,0.5468636105718533
Detroit Pistons,New Orleans Pelicans,0.780585374253259
Golden State Warriors,Charlotte Hornets,0.8414395362901093
Miami Heat,Atlanta Hawks,0.5616520789705933
Oklahoma City Thunder,Chicago Bulls,0.8274640590157797
Indiana Pacers,Orlando Magic,0.591887149689545
Los Angeles Clippers,Phoenix Suns,0.8396123822134649
Utah Jazz,Milwaukee Bucks,0.7537015694026019
Atlanta Hawks,Houston Rockets,0.5395780051127066
Golden State Warriors,Los Angeles Clippers,0.7335020588114599
San Antonio Spurs,Philadelphia 76ers,0.9826991145237114
Washington Wizards,Los Angeles Lakers,0.8638036646514344
Boston Celtics,Los Angeles Lakers,0.911052151673261
Indiana Pacers,Brooklyn Nets,0.7873433162464432
Denver Nuggets,Milwaukee Bucks,0.6488928478195931
Detroit Pistons,Minnesota Timberwolves,0.7734736863939379
Houston Rockets,Chicago Bulls,0.5875804830576496
Oklahoma City Thunder,Memphis Grizzlies,0.8718671068277846
Toronto Raptors,Orlando Magic,0.7401163046389219
Portland Trail Blazers,Dallas Mavericks,0.7217798334480323
Sacramento Kings,Phoenix Suns,0.728614767016358
Atlanta Hawks,Orlando Magic,0.7737974545636132
Indiana Pacers,Detroit Pistons,0.6410291545281478
Miami Heat,Philadelphia 76ers,0.9445349912606944
Minnesota Timberwolves,Memphis Grizzlies,0.5358275193602956
Cleveland Cavaliers,New York Knicks,0.8629731764455464
Milwaukee Bucks,Phoenix Suns,0.5228646073592204
Golden State Warriors,Sacramento Kings,0.8978317695164709
San Antonio Spurs,Denver Nuggets,0.9338726333366264
Charlotte Hornets,Utah Jazz,0.5385389507020264
Washington Wizards,New Orleans Pelicans,0.7488556888225592
Los Angeles Clippers,Boston Celtics,0.5001053366886181
Toronto Raptors,Brooklyn Nets,0.8790841960679792
Oklahoma City Thunder,Portland Trail Blazers,0.7666907947852981
Atlanta Hawks,Utah Jazz,0.6684852072968768
Dallas Mavericks,Denver Nuggets,0.5633069179634549
Detroit Pistons,Philadelphia 76ers,0.9281851206155836
Oklahoma City Thunder,Indiana Pacers,0.6388457459321972
San Antonio Spurs,Memphis Grizzlies,0.8436616386835016
Miami Heat,Minnesota Timberwolves,0.6697023828825819
New Orleans Pelicans,Phoenix Suns,0.6795581789293201
New York Knicks,Los Angeles Lakers,0.7534849215474391
Chicago Bulls,Sacramento Kings,0.5492803251355285
Toronto Raptors,Los Angeles Clippers,0.5933550463251832
Cleveland Cavaliers,Washington Wizards,0.7521747354677252
Charlotte Hornets,Brooklyn Nets,0.9099913579911418
Portland Trail Blazers,Dallas Mavericks,0.5348027944091434
Houston Rockets,Orlando Magic,0.6812514362891198
Atlanta Hawks,Denver Nuggets,0.818614604347165
Washington Wizards,Brooklyn Nets,0.73919437401383
Detroit Pistons,Los Angeles Lakers,0.8832744331662207
Golden State Warriors,Chicago Bulls,0.8971465502244839
Cleveland Cavaliers,Indiana Pacers,0.6846050212843224
Memphis Grizzlies,Phoenix Suns,0.7589775601269353
Miami Heat,Milwaukee Bucks,0.6939406802937229
Toronto Raptors,Minnesota Timberwolves,0.7624696177967012
Utah Jazz,New Orleans Pelicans,0.6356672946169868
Los Angeles Clippers,New York Knicks,0.7702432830135875
San Antonio Spurs,Philadelphia 76ers,0.9652622357390006
Boston Celtics,Sacramento Kings,0.6736595142155373
Charlotte Hornets,Houston Rockets,0.664470891351527
Dallas Mavericks,Utah Jazz,0.5288737671747518
Oklahoma City Thunder,Cleveland Cavaliers,0.5372789091907465
Orlando Magic,Philadelphia 76ers,0.8795203467491858
Portland Trail Blazers,Boston Celtics,0.6269322656850299
Miami Heat,Brooklyn Nets,0.8211793778816265
San Antonio Spurs,Detroit Pistons,0.7618333244866351
Golden State Warriors,Memphis Grizzlies,0.8822472838276894
Milwaukee Bucks,Los Angeles Lakers,0.7722578482114038
Minnesota Timberwolves,New Orleans Pelicans,0.6406400516322028
New York Knicks,Denver Nuggets,0.5648395960966386
Chicago Bulls,Phoenix Suns,0.7042254610479812
Atlanta Hawks,Sacramento Kings,0.67048498892661
Washington Wizards,Indiana Pacers,0.5057270242356011
Charlotte Hornets,Los Angeles Clippers,0.5038262565833279
Cleveland Cavaliers,Denver Nuggets,0.9066884666437788
Dallas Mavericks,Orlando Magic,0.6556935010625202
Houston Rockets,Phoenix Suns,0.8233689504281713
Indiana Pacers,Milwaukee Bucks,0.8052333225934372
Golden State Warriors,Oklahoma City Thunder,0.6005694774014114
Miami Heat,Philadelphia 76ers,0.8982305642601162
Boston Celtics,Utah Jazz,0.5460061211040533
Chicago Bulls,Minnesota Timberwolves,0.5513811930356409
San Antonio Spurs,New York Knicks,0.887881461973226
Sacramento Kings,New Orleans Pelicans,0.6425921665464144
Toronto Raptors,Detroit Pistons,0.7506685501921527
Memphis Grizzlies,Brooklyn Nets,0.6623899681960715
Charlotte Hornets,Philadelphia 76ers,0.9467282411738601
Boston Celtics,Dallas Mavericks,0.5716082265332052
Golden State Warriors,Denver Nuggets,0.8944855920380073
San Antonio Spurs,Indiana Pacers,0.7318621485668321
Miami Heat,Orlando Magic,0.7624289202704226
Detroit Pistons,Milwaukee Bucks,0.594244060175591
New Orleans Pelicans,Phoenix Suns,0.5207643047083756
Portland Trail Blazers,Atlanta Hawks,0.6302950166244964
Los Angeles Clippers,Utah Jazz,0.6095383280428296
Oklahoma City Thunder,Washington Wizards,0.712096133633698
Toronto Raptors,Chicago Bulls,0.694507943948674
Sacramento Kings,Los Angeles Lakers,0.6838548663902724
Cleveland Cavaliers,Minnesota Timberwolves,0.8354313106246715
Boston Celtics,Philadelphia 76ers,0.9459294889052846
Milwaukee Bucks,Brooklyn Nets,0.5616332345092878
Cleveland Cavaliers,Indiana Pacers,0.7868388556234573
Denver Nuggets,Minnesota Timberwolves,0.641422377544724
Detroit Pistons,Dallas Mavericks,0.5967384402792064
Golden State Warriors,Sacramento Kings,0.9364465495300881
Miami Heat,Houston Rockets,0.5365880560081675
Los Angeles Clippers,Atlanta Hawks,0.6107625400321416
Memphis Grizzlies,New Orleans Pelicans,0.6783302990885101
Oklahoma City Thunder,New York Knicks,0.9014581059703383
San Antonio Spurs,Orlando Magic,0.849923444627344
Phoenix Suns,Los Angeles Lakers,0.6618667998560982
Toronto Raptors,Charlotte Hornets,0.6612259702142903
Portland Trail Blazers,Utah Jazz,0.5088909190336142
Boston Celtics,Chicago Bulls,0.5958699605648738
Indiana Pacers,Washington Wizards,0.6514314721129257
Cleveland Cavaliers,New York Knicks,0.9035197924214853
Charlotte Hornets,Detroit Pistons,0.5030627293953469
Golden State Warriors,Los Angeles Clippers,0.7986805849938075
Houston Rockets,New Orleans Pelicans,0.634946252154003
Portland Trail Blazers,Orlando Magic,0.6141048588408892
Sacramento Kings,Denver Nuggets,0.6189050744346017
Atlanta Hawks,Miami Heat,0.5802345168925508
Chicago Bulls,Phoenix Suns,0.7898636295264455
Denver Nuggets,Brooklyn Nets,0.7938966680615265
Indiana Pacers,Memphis Grizzlies,0.7297116068494157
San Antonio Spurs,Los Angeles Clippers,0.6646993348679174
Utah Jazz,Milwaukee Bucks,0.6084977344393242
Dallas Mavericks,Minnesota Timberwolves,0.5742088395170727
Oklahoma City Thunder,Los Angeles Lakers,0.9571758783366809
Washington Wizards,Philadelphia 76ers,0.8448994611359493
Toronto Raptors,Boston Celtics,0.6544545688142925
Cleveland Cavaliers,Chicago Bulls,0.830783243149964
Dallas Mavericks,New Orleans Pelicans,0.7355566625994976
Golden State Warriors,Brooklyn Nets,0.9753084430346332
Houston Rockets,Minnesota Timberwolves,0.749757215196353
Miami Heat,Indiana Pacers,0.6166308802242462
New York Knicks,Philadelphia 76ers,0.8392441621674501
Atlanta Hawks,Orlando Magic,0.6454675196653334
Charlotte Hornets,Sacramento Kings,0.6670114805567019
Denver Nuggets,Memphis Grizzlies,0.5468636105718533
Boston Celtics,Detroit Pistons,0.5105822610853198
Los Angeles Clippers,Charlotte Hornets,0.614483671439556
San Antonio Spurs,Los Angeles Lakers,0.9499450762516822
Milwaukee Bucks,Phoenix Suns,0.7041935845022531
Oklahoma City Thunder,New Orleans Pelicans,0.9131054596733257
Toronto Raptors,Portland Trail Blazers,0.6873280404211778
Washington Wizards,Utah Jazz,0.5461536669954472
Boston Celtics,Atlanta Hawks,0.5682729614395384
Cleveland Cavaliers,Milwaukee Bucks,0.9142891357283335
Miami Heat,Dallas Mavericks,0.5651234356515591
Houston Rockets,Indiana Pacers,0.5171829188400618
Toronto Raptors,New York Knicks,0.7992885873976826
Golden State Warriors,Philadelphia 76ers,0.9747345941842629
Sacramento Kings,Minnesota Timberwolves,0.633110059569786
Chicago Bulls,Denver Nuggets,0.6945336960974552
Detroit Pistons,Portland Trail Blazers,0.5266356810158674
Charlotte Hornets,Los Angeles Lakers,0.8572674454189153
Memphis Grizzlies,Phoenix Suns,0.7589775601269353
Oklahoma City Thunder,Utah Jazz,0.8091936649874244
Golden State Warriors,Washington Wizards,0.841239029630359
Atlanta Hawks,Dallas Mavericks,0.6751412160293137
Cleveland Cavaliers,Boston Celtics,0.6527032167675508
Los Angeles Clippers,Houston Rockets,0.6991526266015873
Miami Heat,Philadelphia 76ers,0.9445349912606944
Milwaukee Bucks,Denver Nuggets,0.5901645494350115
Detroit Pistons,New Orleans Pelicans,0.6217879749591488
Orlando Magic,New York Knicks,0.636270384065577
Sacramento Kings,Brooklyn Nets,0.7879504114118919
San Antonio Spurs,Indiana Pacers,0.8428882732613899
Toronto Raptors,Washington Wizards,0.7590877582949089
Utah Jazz,Minnesota Timberwolves,0.7475936763764207
Golden State Warriors,Chicago Bulls,0.8625774135334184
Charlotte Hornets,Phoenix Suns,0.7964798796484814
Oklahoma City Thunder,Portland Trail Blazers,0.5418046978663126
Cleveland Cavaliers,Atlanta Hawks,0.6442926286650085
Dallas Mavericks,Memphis Grizzlies,0.6430010353035044
Boston Celtics,Los Angeles Lakers,0.860909142853068
Los Angeles Clippers,Milwaukee Bucks,0.751357761080041
San Antonio Spurs,New Orleans Pelicans,0.8890495165573763
Miami Heat,Orlando Magic,0.6427098786088399
New York Knicks,Philadelphia 76ers,0.7371792494677449
Oklahoma City Thunder,Phoenix Suns,0.889063419964509
Utah Jazz,Brooklyn Nets,0.8644616212231679
Toronto Raptors,Washington Wizards,0.6574366435627679
Los Angeles Clippers,Chicago Bulls,0.6568101676062588
Charlotte Hornets,Denver Nuggets,0.6589769732441295
Houston Rockets,Memphis Grizzlies,0.6690255584026995
Cleveland Cavaliers,Miami Heat,0.6587843422338509
Toronto Raptors,Milwaukee Bucks,0.7821151680781953
Detroit Pistons,Philadelphia 76ers,0.8507693154014297
Portland Trail Blazers,Brooklyn Nets,0.9280074454864039
San Antonio Spurs,Minnesota Timberwolves,0.9375226209219681
Atlanta Hawks,Indiana Pacers,0.6316051763126038
Oklahoma City Thunder,Dallas Mavericks,0.7261357221412095
New Orleans Pelicans,Los Angeles Lakers,0.6251452322440737
Golden State Warriors,New York Knicks,0.9166317501922248
Boston Celtics,Phoenix Suns,0.801313060805422
Utah Jazz,Sacramento Kings,0.5795055911279402
Washington Wizards,Orlando Magic,0.6712136205523257
Golden State Warriors,Atlanta Hawks,0.7597439017515997
Charlotte Hornets,Indiana Pacers,0.6266653989168833
Cleveland Cavaliers,Miami Heat,0.7484950649407192
Denver Nuggets,Sacramento Kings,0.5896441237055094
Detroit Pistons,Chicago Bulls,0.618853518422101
Los Angeles Clippers,Boston Celtics,0.6073328083235667
Memphis Grizzlies,Brooklyn Nets,0.8133750539029656
Orlando Magic,New York Knicks,0.636270384065577
Milwaukee Bucks,Philadelphia 76ers,0.7111861182687104
San Antonio Spurs,Houston Rockets,0.8635651239913501
Utah Jazz,New Orleans Pelicans,0.7552607701999908
Dallas Mavericks,Los Angeles Lakers,0.8554163424140764
Oklahoma City Thunder,Portland Trail Blazers,0.7666907947852981
Washington Wizards,Phoenix Suns,0.7079636900410693
Atlanta Hawks,Brooklyn Nets,0.9117104717160381
Washington Wizards,Denver Nuggets,0.544833326232997
Golden State Warriors,Boston Celtics,0.8373843696791861
Houston Rockets,Utah Jazz,0.5574924326044034
Indiana Pacers,Detroit Pistons,0.6410291545281478
Miami Heat,Charlotte Hornets,0.5655087116850405
Milwaukee Bucks,New York Knicks,0.5812119601970501
Los Angeles Clippers,Minnesota Timberwolves,0.7298967108198178
Toronto Raptors,New Orleans Pelicans,0.8011729222993089
Chicago Bulls,Orlando Magic,0.5216262140628487
San Antonio Spurs,Sacramento Kings,0.923394502406758
Cleveland Cavaliers,Detroit Pistons,0.7178217676772989
Los Angeles Clippers,Memphis Grizzlies,0.695536596070254
San Antonio Spurs,Oklahoma City Thunder,0.5199099122821282
Phoenix Suns,Los Angeles Lakers,0.6618667998560982
Portland Trail Blazers,Philadelphia 76ers,0.9577326352527701
Toronto Raptors,Atlanta Hawks,0.5338709588001166
Chicago Bulls,Houston Rockets,0.5047162938305048
Charlotte Hornets,Orlando Magic,0.7700702265347181
Dallas Mavericks,Brooklyn Nets,0.8518244624418125
Boston Celtics,Denver Nuggets,0.66570502058035
Indiana Pacers,Milwaukee Bucks,0.6463959593841954
Golden State Warriors,Minnesota Timberwolves,0.8986078850523397
Washington Wizards,Sacramento Kings,0.5537358956876453
Charlotte Hornets,New Orleans Pelicans,0.8302707241011454
Dallas Mavericks,Phoenix Suns,0.8059606043092647
Detroit Pistons,New York Knicks,0.7559231388673787
Los Angeles Clippers,Philadelphia 76ers,0.9542436905676753
Atlanta Hawks,Memphis Grizzlies,0.6343450801105087
Toronto Raptors,Miami Heat,0.5497173064403533
Milwaukee Bucks,Minnesota Timberwolves,0.6047566763044606
Oklahoma City Thunder,Utah Jazz,0.8091936649874244
Cleveland Cavaliers,Orlando Magic,0.8183080372509965
Portland Trail Blazers,Washington Wizards,0.7365444914636544
Sacramento Kings,Denver Nuggets,0.6189050744346017
Golden State Warriors,San Antonio Spurs,0.5026269688459721
Boston Celtics,Chicago Bulls,0.6872780322782311
New York Knicks,Brooklyn Nets,0.5933906965178749
Cleveland Cavaliers,Houston Rockets,0.7435295555334893
Indiana Pacers,Miami Heat,0.5356306242994326
Los Angeles Lakers,Philadelphia 76ers,0.6853811646587393
Portland Trail Blazers,Phoenix Suns,0.7765272488593578
Charlotte Hornets,Chicago Bulls,0.6906481224646899
Denver Nuggets,Los Angeles Lakers,0.7985606912656493
Memphis Grizzlies,Milwaukee Bucks,0.67649092032982
Washington Wizards,Minnesota Timberwolves,0.5558327893081803
Sacramento Kings,Orlando Magic,0.55176222744676
San Antonio Spurs,Atlanta Hawks,0.8103789793545556
Toronto Raptors,Dallas Mavericks,0.7451493380745037
Los Angeles Clippers,Utah Jazz,0.6095383280428296
Oklahoma City Thunder,Brooklyn Nets,0.9035651642503999
Cleveland Cavaliers,Detroit Pistons,0.8216653386884487
Golden State Warriors,Philadelphia 76ers,0.9858022005529203
Portland Trail Blazers,New Orleans Pelicans,0.6924648726027859
Indiana Pacers,New York Knicks,0.6697496698462011
Boston Celtics,Minnesota Timberwolves,0.8221189616751833
Chicago Bulls,Memphis Grizzlies,0.6197632357712323
Detroit Pistons,Utah Jazz,0.5894528728561662
Houston Rockets,Los Angeles Lakers,0.869108321567674
Indiana Pacers,Charlotte Hornets,0.5365385056008671
Los Angeles Clippers,Milwaukee Bucks,0.8505744339763499
Miami Heat,New Orleans Pelicans,0.824173273101906
Sacramento Kings,Phoenix Suns,0.5849686038012759
San Antonio Spurs,Portland Trail Blazers,0.8302005794458256
Washington Wizards,Dallas Mavericks,0.5536257460607287
Atlanta Hawks,Memphis Grizzlies,0.7638910059220355
Cleveland Cavaliers,Utah Jazz,0.8127848055697648
Los Angeles Clippers,Denver Nuggets,0.7210444693998922
Golden State Warriors,Orlando Magic,0.9290027648738303
New York Knicks,Brooklyn Nets,0.7481064436912758
Oklahoma City Thunder,Toronto Raptors,0.5120003329326042
Boston Celtics,Brooklyn Nets,0.8250281114641628
Toronto Raptors,Detroit Pistons,0.6166443854869461
Milwaukee Bucks,Los Angeles Lakers,0.6271156310759736
Miami Heat,Minnesota Timberwolves,0.8181452229045263
Houston Rockets,New Orleans Pelicans,0.634946252154003
Dallas Mavericks,Philadelphia 76ers,0.8544479516218834
Orlando Magic,Phoenix Suns,0.6134753355554208
Washington Wizards,Chicago Bulls,0.5764269185155583
Atlanta Hawks,Portland Trail Blazers,0.6097547571703738
Chicago Bulls,Utah Jazz,0.5039383340313753
Charlotte Hornets,Washington Wizards,0.6867863052934713
Houston Rockets,Denver Nuggets,0.5699559422149725
Golden State Warriors,Milwaukee Bucks,0.9498789225469421
Cleveland Cavaliers,Los Angeles Clippers,0.6118825909081524
San Antonio Spurs,Memphis Grizzlies,0.8436616386835016
Oklahoma City Thunder,Sacramento Kings,0.8901287793223793
Dallas Mavericks,Brooklyn Nets,0.7533506799657181
Detroit Pistons,Phoenix Suns,0.8415830193682042
Cleveland Cavaliers,Los Angeles Lakers,0.9378598754071572
Miami Heat,Portland Trail Blazers,0.594462564701537
New Orleans Pelicans,Minnesota Timberwolves,0.5768165884041239
Boston Celtics,Philadelphia 76ers,0.9006216284771821
San Antonio Spurs,Sacramento Kings,0.923394502406758
Toronto Raptors,Indiana Pacers,0.7069226820927462
Boston Celtics,Washington Wizards,0.6833934303977123
Charlotte Hornets,Atlanta Hawks,0.5721271066287245
Houston Rockets,Denver Nuggets,0.7382009604681624
Indiana Pacers,Utah Jazz,0.62723431388861
Los Angeles Clippers,New York Knicks,0.8332594992108815
Golden State Warriors,Oklahoma City Thunder,0.6005694774014114
Orlando Magic,Philadelphia 76ers,0.8795203467491858
Detroit Pistons,Brooklyn Nets,0.7478708982421824
Golden State Warriors,Dallas Mavericks,0.850304857822796
Los Angeles Clippers,Los Angeles Lakers,0.889307516664271
Miami Heat,Phoenix Suns,0.8749939534554604
San Antonio Spurs,Minnesota Timberwolves,0.8645603235357202
Memphis Grizzlies,New Orleans Pelicans,0.5209422621412368
Portland Trail Blazers,Milwaukee Bucks,0.8608152286897979
Toronto Raptors,Chicago Bulls,0.7623665727848227
Boston Celtics,Indiana Pacers,0.6229787837664028
Chicago Bulls,Detroit Pistons,0.5187954602375945
Cleveland Cavaliers,Denver Nuggets,0.829228581725467
Oklahoma City Thunder,Philadelphia 76ers,0.9744743601793645
Charlotte Hornets,Orlando Magic,0.6418711549720327
Sacramento Kings,Milwaukee Bucks,0.6406566875157971
Utah Jazz,New York Knicks,0.7287412202135318
Atlanta Hawks,Washington Wizards,0.5509459785462361
Brooklyn Nets,Phoenix Suns,0.5403116196631985
Los Angeles Clippers,Dallas Mavericks,0.6339595371934361
Toronto Raptors,Miami Heat,0.5497173064403533
Portland Trail Blazers,New York Knicks,0.8444699770565489
San Antonio Spurs,Memphis Grizzlies,0.9101035213300978
Boston Celtics,Phoenix Suns,0.8779108523282492
Chicago Bulls,Philadelphia 76ers,0.901427662079931
Cleveland Cavaliers,Charlotte Hornets,0.6491297595661086
Golden State Warriors,Sacramento Kings,0.9364465495300881
Houston Rockets,New Orleans Pelicans,0.7573799176765194
Indiana Pacers,Denver Nuggets,0.7901811503284624
Minnesota Timberwolves,Los Angeles Lakers,0.6347144188286383
Atlanta Hawks,Milwaukee Bucks,0.6964896378420878
Detroit Pistons,Orlando Magic,0.5374487457645445
Washington Wizards,Brooklyn Nets,0.8603861425656936
Cleveland Cavaliers,Washington Wizards,0.8282357404021017
Toronto Raptors,Dallas Mavericks,0.6729173841328386
Los Angeles Clippers,Utah Jazz,0.6984976332649271
Portland Trail Blazers,Minnesota Timberwolves,0.8568591464102128
San Antonio Spurs,New York Knicks,0.9315573964077162
Atlanta Hawks,Brooklyn Nets,0.9117104717160381
Boston Celtics,Miami Heat,0.5712218365818099
Charlotte Hornets,Phoenix Suns,0.8795864969346473
Denver Nuggets,New Orleans Pelicans,0.6508081448367464
Golden State Warriors,Memphis Grizzlies,0.9252367380157267
Oklahoma City Thunder,Houston Rockets,0.7026056281733186
Indiana Pacers,Philadelphia 76ers,0.9380691719226665
Los Angeles Clippers,Sacramento Kings,0.8156924865627606
Portland Trail Blazers,Los Angeles Lakers,0.8420927809011294
Chicago Bulls,Milwaukee Bucks,0.5788419029694833
Oklahoma City Thunder,Dallas Mavericks,0.7261357221412095
Detroit Pistons,New York Knicks,0.6190120139505579
Sacramento Kings,Memphis Grizzlies,0.5379383440771498
San Antonio Spurs,Cleveland Cavaliers,0.6333750587613369
Toronto Raptors,Orlando Magic,0.8279624381788827
Utah Jazz,New Orleans Pelicans,0.7552607701999908
Atlanta Hawks,Phoenix Suns,0.8818109032048725
Brooklyn Nets,Philadelphia 76ers,0.7409059820795854
Charlotte Hornets,Milwaukee Bucks,0.8290812557401345
Miami Heat,Detroit Pistons,0.5039753188452383
Golden State Warriors,Houston Rockets,0.8350193145905738
Indiana Pacers,Minnesota Timberwolves,0.8000643558692926
Washington Wizards,Los Angeles Lakers,0.7881575180320917
Portland Trail Blazers,Denver Nuggets,0.8492544415192202
Boston Celtics,Milwaukee Bucks,0.8268411522576271
Los Angeles Clippers,Washington Wizards,0.7201329423409052
Indiana Pacers,Memphis Grizzlies,0.5801770850944081
Dallas Mavericks,New Orleans Pelicans,0.6286473655145481
Miami Heat,New York Knicks,0.7155361858040878
Oklahoma City Thunder,Orlando Magic,0.7858800253826781
Atlanta Hawks,Philadelphia 76ers,0.8993249649307073
Utah Jazz,Sacramento Kings,0.5795055911279402
Golden State Warriors,San Antonio Spurs,0.5026269688459721
Toronto Raptors,Charlotte Hornets,0.6612259702142903
Cleveland Cavaliers,Chicago Bulls,0.7823872621691375
Detroit Pistons,Brooklyn Nets,0.8802777679560178
Minnesota Timberwolves,Los Angeles Lakers,0.7913154112784915
Los Angeles Clippers,Phoenix Suns,0.8396123822134649
Portland Trail Blazers,Houston Rockets,0.7163098075217049
Boston Celtics,Orlando Magic,0.7672738098160539
Charlotte Hornets,Denver Nuggets,0.8154497214272103
Cleveland Cavaliers,Philadelphia 76ers,0.9750506857245208
Golden State Warriors,Houston Rockets,0.8855474133766902
Dallas Mavericks,Memphis Grizzlies,0.5327227383079235
Miami Heat,New York Knicks,0.8031749660999233
Detroit Pistons,Milwaukee Bucks,0.594244060175591
New Orleans Pelicans,Sacramento Kings,0.5226519946986329
San Antonio Spurs,Oklahoma City Thunder,0.5199099122821282
Toronto Raptors,Indiana Pacers,0.7069226820927462
Utah Jazz,Washington Wizards,0.58041084047195
Orlando Magic,Brooklyn Nets,0.6498125203325863
Atlanta Hawks,Chicago Bulls,0.5923965793461723
Los Angeles Clippers,Los Angeles Lakers,0.9243001186853455
Minnesota Timberwolves,Sacramento Kings,0.5788475444081992
Portland Trail Blazers,Phoenix Suns,0.903039959640439
Atlanta Hawks,Brooklyn Nets,0.8229390331655279
Cleveland Cavaliers,Indiana Pacers,0.7868388556234573
Golden State Warriors,Washington Wizards,0.8954724232070914
Memphis Grizzlies,Los Angeles Lakers,0.7203165721894929
Miami Heat,Denver Nuggets,0.808942354236085
Dallas Mavericks,Milwaukee Bucks,0.6012826663932612
Chicago Bulls,New Orleans Pelicans,0.6067394386200841
Boston Celtics,New York Knicks,0.7208858315014607
Oklahoma City Thunder,Charlotte Hornets,0.7447536240709175
Houston Rockets,Phoenix Suns,0.7285680970405782
San Antonio Spurs,Utah Jazz,0.8631980432783899
Toronto Raptors,Philadelphia 76ers,0.9623176549471941
Cleveland Cavaliers,Orlando Magic,0.8804549163768715
Golden State Warriors,Minnesota Timberwolves,0.9483022868517722
Toronto Raptors,Indiana Pacers,0.5785108692163411
New Orleans Pelicans,Denver Nuggets,0.5619401277771559
Chicago Bulls,New York Knicks,0.6039233832422639
Oklahoma City Thunder,Milwaukee Bucks,0.9124352763799897
Brooklyn Nets,Philadelphia 76ers,0.5415917139113532
Dallas Mavericks,Sacramento Kings,0.5721319181982377
San Antonio Spurs,Memphis Grizzlies,0.9101035213300978
Portland Trail Blazers,Utah Jazz,0.5088909190336142
Charlotte Hornets,Washington Wizards,0.5470636144896388
Cleveland Cavaliers,Boston Celtics,0.6527032167675508
Charlotte Hornets,Miami Heat,0.5750693413962206
Toronto Raptors,Detroit Pistons,0.6166443854869461
Houston Rockets,Denver Nuggets,0.7382009604681624
Los Angeles Clippers,Dallas Mavericks,0.704817145151155
Oklahoma City Thunder,Memphis Grizzlies,0.7776451487080593
Golden State Warriors,Phoenix Suns,0.9449608990197783
San Antonio Spurs,Los Angeles Lakers,0.9708074935317647
Atlanta Hawks,Boston Celtics,0.5737829398039852
Indiana Pacers,Milwaukee Bucks,0.8052333225934372
Washington Wizards,New York Knicks,0.6082240612851498
Orlando Magic,Brooklyn Nets,0.8059364922760783
Chicago Bulls,Philadelphia 76ers,0.842524190977688
Portland Trail Blazers,Minnesota Timberwolves,0.8568591464102128
Cleveland Cavaliers,Atlanta Hawks,0.7462237241755373
San Antonio Spurs,Dallas Mavericks,0.8035825044320399
Denver Nuggets,New Orleans Pelicans,0.6508081448367464
Houston Rockets,Detroit Pistons,0.5721075172254451
Sacramento Kings,Los Angeles Lakers,0.6838548663902724
Memphis Grizzlies,New York Knicks,0.6473668155850871
Oklahoma City Thunder,Phoenix Suns,0.889063419964509
Toronto Raptors,Miami Heat,0.6604077460840887
Utah Jazz,Minnesota Timberwolves,0.7475936763764207
Chicago Bulls,Brooklyn Nets,0.7357066751611672
Charlotte Hornets,Boston Celtics,0.5685974015417646
Golden State Warriors,New Orleans Pelicans,0.9502781446848921
Indiana Pacers,Orlando Magic,0.591887149689545
Milwaukee Bucks,Philadelphia 76ers,0.7111861182687104
Portland Trail Blazers,Utah Jazz,0.7156769774805519
San Antonio Spurs,Los Angeles Clippers,0.7644520641767607
Miami Heat,Washington Wizards,0.5479680071274282
Cleveland Cavaliers,Atlanta Hawks,0.6442926286650085
Oklahoma City Thunder,Denver Nuggets,0.7982691563809821
Minnesota Timberwolves,Los Angeles Lakers,0.6347144188286383
Detroit Pistons,Memphis Grizzlies,0.525429079290219
Toronto Raptors,New York Knicks,0.7992885873976826
Dallas Mavericks,Phoenix Suns,0.7231803476279323
Houston Rockets,Sacramento Kings,0.5787470576722356
Boston Celtics,Brooklyn Nets,0.9086948995370068
Chicago Bulls,Orlando Magic,0.6328100855627611
Detroit Pistons,Washington Wizards,0.6145955868381392
Golden State Warriors,Utah Jazz,0.8852316161968001
Los Angeles Clippers,Houston Rockets,0.6991526266015873
Cleveland Cavaliers,Miami Heat,0.6587843422338509
Charlotte Hornets,Milwaukee Bucks,0.6931648046364598
Indiana Pacers,Philadelphia 76ers,0.8767863948453686
San Antonio Spurs,Portland Trail Blazers,0.6459635436324571
Atlanta Hawks,Charlotte Hornets,0.5811233898324626
Dallas Mavericks,Denver Nuggets,0.7153010614163064
New Orleans Pelicans,Los Angeles Lakers,0.6251452322440737
Oklahoma City Thunder,Minnesota Timberwolves,0.8053324025861881
Sacramento Kings,Phoenix Suns,0.728614767016358
Boston Celtics,Milwaukee Bucks,0.8268411522576271
Chicago Bulls,Brooklyn Nets,0.8387711057204579
Cleveland Cavaliers,Toronto Raptors,0.6527556535026561
Golden State Warriors,Los Angeles Lakers,0.9759913510438277
Houston Rockets,Minnesota Timberwolves,0.749757215196353
Indiana Pacers,Atlanta Hawks,0.5326372444262069
Los Angeles Clippers,Sacramento Kings,0.8156924865627606
Dallas Mavericks,Memphis Grizzlies,0.5327227383079235
Miami Heat,Washington Wizards,0.6775362083224032
New York Knicks,Philadelphia 76ers,0.8392441621674501
Oklahoma City Thunder,Denver Nuggets,0.9046873487167563
Detroit Pistons,Orlando Magic,0.5374487457645445
Portland Trail Blazers,New Orleans Pelicans,0.861820659286695
San Antonio Spurs,Utah Jazz,0.7866699282469831
